term,weeks_mentioned,filename
new,199,new-historical.csv
trump,199,trump-historical.csv
report,199,report-historical.csv
america,199,america-historical.csv
gop,199,gop-historical.csv
watch,199,watch-historical.csv
big,199,big-historical.csv
school,199,school-historical.csv
former,199,former-historical.csv
u.s.,199,u-s--historical.csv
world,199,world-historical.csv
time,199,time-historical.csv
house,199,house-historical.csv
florida,199,florida-historical.csv
president,199,president-historical.csv
video,199,video-historical.csv
police,199,police-historical.csv
black,199,black-historical.csv
people,199,people-historical.csv
announces,199,announces-historical.csv
man,199,man-historical.csv
family,198,family-historical.csv
american,198,american-historical.csv
woman,198,woman-historical.csv
down,198,down-historical.csv
old,198,old-historical.csv
city,198,city-historical.csv
day,198,day-historical.csv
week,198,week-historical.csv
back,198,back-historical.csv
win,198,win-historical.csv
million,198,million-historical.csv
health,198,health-historical.csv
star,198,star-historical.csv
life,198,life-historical.csv
county,198,county-historical.csv
war,197,war-historical.csv
news,197,news-historical.csv
free,197,free-historical.csv
court,197,court-historical.csv
help,197,help-historical.csv
season,197,season-historical.csv
women,197,women-historical.csv
high,197,high-historical.csv
white,196,white-historical.csv
media,196,media-historical.csv
china,195,china-historical.csv
calls,195,calls-historical.csv
set,195,set-historical.csv
market,195,market-historical.csv
death,194,death-historical.csv
game,194,game-historical.csv
killed,194,killed-historical.csv
dies,192,dies-historical.csv
ai,192,ai-historical.csv
fire,191,fire-historical.csv
live,188,live-historical.csv
california,187,california-historical.csv
review,187,review-historical.csv
democrats,187,democrats-historical.csv
so,187,so-historical.csv
north,186,north-historical.csv
south,185,south-historical.csv
texas,183,texas-historical.csv
global,183,global-historical.csv
anti,181,anti-historical.csv
biden,180,biden-historical.csv
dead,179,dead-historical.csv
right,179,right-historical.csv
billion,179,billion-historical.csv
end,175,end-historical.csv
arrested,174,arrested-historical.csv
vs,174,vs-historical.csv
judge,172,judge-historical.csv
team,172,team-historical.csv
left,170,left-historical.csv
bill,169,bill-historical.csv
shooting,169,shooting-historical.csv
crash,168,crash-historical.csv
claims,164,claims-historical.csv
deal,164,deal-historical.csv
red,164,red-historical.csv
national,163,national-historical.csv
business,162,business-historical.csv
republicans,161,republicans-historical.csv
illegal,160,illegal-historical.csv
israel,160,israel-historical.csv
reveals,159,reveals-historical.csv
group,159,group-historical.csv
tv,159,tv-historical.csv
ex,158,ex-historical.csv
love,157,love-historical.csv
public,157,public-historical.csv
boston,157,boston-historical.csv
found,152,found-historical.csv
americans,151,americans-historical.csv
power,150,power-historical.csv
york,150,york-historical.csv
nyc,149,nyc-historical.csv
law,149,law-historical.csv
pro,148,pro-historical.csv
history,147,history-historical.csv
federal,144,federal-historical.csv
open,144,open-historical.csv
ukraine,143,ukraine-historical.csv
hit,143,hit-historical.csv
military,141,military-historical.csv
plan,140,plan-historical.csv
rep,137,rep-historical.csv
need,137,need-historical.csv
attack,137,attack-historical.csv
long,137,long-historical.csv
series,133,series-historical.csv
democrat,133,democrat-historical.csv
gaza,133,gaza-historical.csv
film,132,film-historical.csv
west,131,west-historical.csv
election,130,election-historical.csv
work,130,work-historical.csv
good,129,good-historical.csv
results,129,results-historical.csv
lead,126,lead-historical.csv
exclusive,126,exclusive-historical.csv
donald,123,donald-historical.csv
album,122,album-historical.csv
russia,121,russia-historical.csv
border,118,border-historical.csv
2024,118,2024-historical.csv
joe,117,joe-historical.csv
latest,117,latest-historical.csv
dem,117,dem-historical.csv
fans,116,fans-historical.csv
naturalnews.com,116,naturalnews-com-historical.csv
maga,116,maga-historical.csv
weather,115,weather-historical.csv
children,113,children-historical.csv
college,113,college-historical.csv
charged,112,charged-historical.csv
food,111,food-historical.csv
face,111,face-historical.csv
senate,111,senate-historical.csv
republican,110,republican-historical.csv
music,110,music-historical.csv
supreme,109,supreme-historical.csv
breaking,108,breaking-historical.csv
study,108,study-historical.csv
nfl,108,nfl-historical.csv
data,106,data-historical.csv
future,104,future-historical.csv
growth,104,growth-historical.csv
fbi,102,fbi-historical.csv
listen,102,listen-historical.csv
abortion,101,abortion-historical.csv
support,101,support-historical.csv
cnn,101,cnn-historical.csv
officials,101,officials-historical.csv
quarter,100,quarter-historical.csv
cancer,98,cancer-historical.csv
trial,98,trial-historical.csv
admin,98,admin-historical.csv
kids,97,kids-historical.csv
football,97,football-historical.csv
financial,97,financial-historical.csv
accused,96,accused-historical.csv
â,96,â---historical.csv
care,95,care-historical.csv
dems,95,dems-historical.csv
worldnetdaily,94,worldnetdaily-historical.csv
ice,93,ice-historical.csv
climate,93,climate-historical.csv
weekend,93,weekend-historical.csv
2025,93,2025-historical.csv
security,92,security-historical.csv
record,91,record-historical.csv
government,90,government-historical.csv
major,90,major-historical.csv
final,89,final-historical.csv
colorado,89,colorado-historical.csv
change,88,change-historical.csv
uk,87,uk-historical.csv
return,87,return-historical.csv
talks,86,talks-historical.csv
mass,86,mass-historical.csv
reach,85,reach-historical.csv
center,85,center-historical.csv
israeli,85,israeli-historical.csv
share,83,share-historical.csv
song,83,song-historical.csv
reports,81,reports-historical.csv
sox,81,sox-historical.csv
cup,80,cup-historical.csv
shares,80,shares-historical.csv
community,80,community-historical.csv
campaign,79,campaign-historical.csv
launches,79,launches-historical.csv
iran,79,iran-historical.csv
usd,78,usd-historical.csv
party,78,party-historical.csv
hamas,78,hamas-historical.csv
key,77,key-historical.csv
lawsuit,77,lawsuit-historical.csv
social,75,social-historical.csv
iowa,75,iowa-historical.csv
doj,75,doj-historical.csv
basketball,73,basketball-historical.csv
summer,73,summer-historical.csv
ap,73,ap-historical.csv
2023,72,2023-historical.csv
tech,72,tech-historical.csv
tour,72,tour-historical.csv
students,71,students-historical.csv
research,71,research-historical.csv
fight,71,fight-historical.csv
products,71,products-historical.csv
fox,71,fox-historical.csv
musk,70,musk-historical.csv
park,70,park-historical.csv
race,69,race-historical.csv
amazon,69,amazon-historical.csv
stock,69,stock-historical.csv
real,68,real-historical.csv
child,67,child-historical.csv
car,67,car-historical.csv
murder,66,murder-historical.csv
administration,66,administration-historical.csv
taylor,65,taylor-historical.csv
trans,65,trans-historical.csv
sports,65,sports-historical.csv
cagr,64,cagr-historical.csv
rights,64,rights-historical.csv
carolina,64,carolina-historical.csv
legal,64,legal-historical.csv
size,63,size-historical.csv
company,62,company-historical.csv
san,62,san-historical.csv
storm,61,storm-historical.csv
update,61,update-historical.csv
girls,61,girls-historical.csv
takes,60,takes-historical.csv
energy,58,energy-historical.csv
coach,58,coach-historical.csv
class,57,class-historical.csv
night,56,night-historical.csv
wins,56,wins-historical.csv
fraud,55,fraud-historical.csv
chicago,55,chicago-historical.csv
ban,55,ban-historical.csv
mayor,55,mayor-historical.csv
patriots,55,patriots-historical.csv
2026,55,2026-historical.csv
desantis,54,desantis-historical.csv
workers,54,workers-historical.csv
jr,54,jr-historical.csv
festival,53,festival-historical.csv
chief,53,chief-historical.csv
warns,53,warns-historical.csv
crisis,51,crisis-historical.csv
winter,50,winter-historical.csv
missing,50,missing-historical.csv
trade,50,trade-historical.csv
fall,50,fall-historical.csv
air,49,air-historical.csv
2030,49,2030-historical.csv
plans,49,plans-historical.csv
gay,49,gay-historical.csv
pa,48,pa-historical.csv
20,47,20-historical.csv
michigan,47,michigan-historical.csv
leaders,47,leaders-historical.csv
mike,47,mike-historical.csv
elon,46,elon-historical.csv
john,46,john-historical.csv
shot,46,shot-historical.csv
heat,46,heat-historical.csv
mamdani,46,mamdani-historical.csv
speech,45,speech-historical.csv
inside,45,inside-historical.csv
vance,45,vance-historical.csv
play,44,play-historical.csv
suspect,44,suspect-historical.csv
loss,44,loss-historical.csv
water,44,water-historical.csv
start,44,start-historical.csv
scores,44,scores-historical.csv
india,44,india-historical.csv
nba,44,nba-historical.csv
killing,44,killing-historical.csv
voters,44,voters-historical.csv
strike,43,strike-historical.csv
alabama,43,alabama-historical.csv
host,42,host-historical.csv
congress,41,congress-historical.csv
vote,41,vote-historical.csv
spring,41,spring-historical.csv
johnson,41,johnson-historical.csv
woke,40,woke-historical.csv
sex,40,sex-historical.csv
snow,40,snow-historical.csv
student,40,student-historical.csv
program,40,program-historical.csv
hunter,40,hunter-historical.csv
officer,40,officer-historical.csv
james,40,james-historical.csv
presidential,40,presidential-historical.csv
art,39,art-historical.csv
charges,39,charges-historical.csv
aid,39,aid-historical.csv
christian,38,christian-historical.csv
beat,38,beat-historical.csv
prison,38,prison-historical.csv
epstein,38,epstein-historical.csv
forecast,37,forecast-historical.csv
east,37,east-historical.csv
political,37,political-historical.csv
service,37,service-historical.csv
meet,36,meet-historical.csv
gun,36,gun-historical.csv
island,36,island-historical.csv
oregon,36,oregon-historical.csv
covid,35,covid-historical.csv
university,35,university-historical.csv
awards,35,awards-historical.csv
canada,35,canada-historical.csv
order,35,order-historical.csv
attacks,35,attacks-historical.csv
tariffs,35,tariffs-historical.csv
stream,34,stream-historical.csv
industry,34,industry-historical.csv
washington,34,washington-historical.csv
boys,34,boys-historical.csv
fourth,34,fourth-historical.csv
harris,34,harris-historical.csv
days,34,days-historical.csv
25,34,25-historical.csv
obama,34,obama-historical.csv
kamala,34,kamala-historical.csv
league,33,league-historical.csv
crime,33,crime-historical.csv
strikes,33,strikes-historical.csv
holiday,32,holiday-historical.csv
beach,32,beach-historical.csv
storms,32,storms-historical.csv
homes,32,homes-historical.csv
immigration,32,immigration-historical.csv
n.j.,32,n-j--historical.csv
jan,31,jan-historical.csv
mexico,31,mexico-historical.csv
chinese,31,chinese-historical.csv
pay,31,pay-historical.csv
leader,31,leader-historical.csv
post,31,post-historical.csv
spectator,31,spectator-historical.csv
allegedly,30,allegedly-historical.csv
peace,30,peace-historical.csv
georgia,29,georgia-historical.csv
director,29,director-historical.csv
russian,29,russian-historical.csv
smith,29,smith-historical.csv
debate,29,debate-historical.csv
newsom,29,newsom-historical.csv
cuts,29,cuts-historical.csv
twitter,28,twitter-historical.csv
utah,28,utah-historical.csv
conference,28,conference-historical.csv
risk,28,risk-historical.csv
christmas,27,christmas-historical.csv
transgender,27,transgender-historical.csv
bowl,27,bowl-historical.csv
defense,27,defense-historical.csv
investors,27,investors-historical.csv
action,27,action-historical.csv
governor,27,governor-historical.csv
money,27,money-historical.csv
march,27,march-historical.csv
movie,27,movie-historical.csv
theatre,27,theatre-historical.csv
tax,26,tax-historical.csv
funding,26,funding-historical.csv
board,26,board-historical.csv
project,26,project-historical.csv
finds,26,finds-historical.csv
july,26,july-historical.csv
behind,26,behind-historical.csv
2022,25,2022-historical.csv
arrest,25,arrest-historical.csv
ohio,25,ohio-historical.csv
april,25,april-historical.csv
sale,25,sale-historical.csv
primary,25,primary-historical.csv
hegseth,25,hegseth-historical.csv
files,24,files-historical.csv
schools,24,schools-historical.csv
worth,24,worth-historical.csv
book,24,book-historical.csv
office,24,office-historical.csv
ceo,24,ceo-historical.csv
wife,24,wife-historical.csv
oil,24,oil-historical.csv
country,24,country-historical.csv
mother,24,mother-historical.csv
